ID,Name,Favorite Color,Least Favorite Color
1,Ava,Blue,Orange
2,Liam,Green,Purple
3,Emma,Red,Brown
4,Noah,Purple,Yellow
5,Olivia,Pink,Gray
6,Elijah,Black,Pink
7,Sophia,Teal,Red
8,James,Yellow,Green
9,Isabella,Orange,Black
10,Lucas,Gray,White
11,Mia,White,Teal
12,Mason,Brown,Blue
13,Charlotte,Cyan,Orange
14,Ethan,Navy,Pink
15,Amelia,Lavender,Brown
16,Henry,Maroon,Yellow
17,Harper,Turquoise,Black
18,Alexander,Gold,Gray
19,Evelyn,Coral,Purple
20,Benjamin,Silver,Red
21,Luna,Magenta,Green
22,Daniel,Olive,Cyan
